1,0,0,0,0,0,0,0,0,0,0,0,0,0,0,0,0,0,0,0,0,0,0,0,0,0,0,0,0,0,0,0,0,0,0,0,0,0,0,0,0,0,0,0,0,0,0,0,0,0,0,0,0,0,0,0,0,0,0,0,0,0,0,0,0,0,0,0,0,0,0,0,0,0,0,0,0,0,0,0,0,0,0,0,0,0,0,0,0,0,0,58.4,58.9,59.2,59,58.3,58.5,58.8,59.3,58.9,59.2,59.2,59.8,59.3,60.5,63.7,73.2,81.6,79.8,78.3,77.8,74.8,72.7,75.5,73.9,72,68.5,65.1,68.2,69.8,69.8
1,93.5,94.2,93.2,91.1,90.9,92.7,92.7,92.6,90.5,88.2,88.7,93.1,94,95.9,97.3,97.6,84.2,82.4,83.1,84,86.7,88.7,88.9,89.5,91.3,90.2,82,80.9,83.4,84.4,87.1,90.9,93.6,88.8,92.2,86.2,87.2,89.5,91.2,94.6,95.3,95.4,95.1,95.6,95.9,96.5,92,88.3,94.8,98.2,103.9,100.7,95.2,98.3,102.7,104.2,104.7,105.8,103.8,105.1,101.8,97.1,100.6,96.8,90.7,89.2,91,89.7,93.2,83.3,76.1,74.2,78.3,75.5,70.7,70.4,70.2,70,72.5,71.2,74.6,74,75.2,74.1,75.5,76.7,77.5,77.7,77.8,78.9,79.1,78.3,80.1,80.1,76.7,77.7,76.2,75.4,74.9,75,75.6,76.3,76.6,75.8,75.8,76.5,77.1,76.4,76.5,73.5,74.1,72.2,71.1,70.6,70,53.5,72,71.5,72.1,74
1,78.6,78.7,78.7,80.1,77.3,77.5,74,77,77.5,79.4,79.5,79.5,80.3,77,71.6,72.9,70.9,72.1,71.7,73.2,76.5,74.5,71.9,73.1,74,75.6,76.8,76.3,79.1,75.6,79.3,76.8,74.5,77.1,76.7,74.6,75.8,76.1,73.7,75.8,70.4,69.7,69.2,72.3,70.4,71.1,70.9,73.9,75,73.8,73.1,74,78,75.4,76.2,76.7,73.2,71.9,73.5,72.9,72.2,70.3,70.2,70.4,69.1,67.6,68.9,71,71,72.4,75.8,77.2,77.6,79.3,70.4,73.4,72.6,71.6,74.7,73.4,74.6,75.3,79,76.8,73.9,76.8,77.7,78.4,78.5,77.5,75.8,79.2,76.6,75.9,76,77.6,77.7,77.9,78.4,69.9,72.1,73.1,71.9,73.6,70.2,71.9,70.9,70.6,71.1,69.9,71.2,71.5,72.5,74.7,75.1,74.7,77.3,74.6,75.3,75.1
1,67.9,66.8,68.7,68.3,67.9,69,68.5,68.1,69.4,67.2,67.8,66.7,66.7,67,65.1,67.1,67.9,67.4,66.8,67.1,66.4,68.3,66,68,68.7,68.3,68,68.3,69.4,72.5,73.3,73,72.2,70.8,71,71.7,72.1,71.9,72.1,72.3,70,70.3,68.6,68.8,70.1,69.6,70.1,70.1,70.5,71.7,72.8,72.1,69.5,67.5,65.8,69.6,72,66.7,68.6,71,68.7,68.8,67.1,65.1,67,69.8,67.4,67.4,65.9,65.1,66.1,69.1,65.7,63.7,61.9,62.7,63.2,60.1,58.5,61.3,62,75.3,72.6,67.8,69.9,64.9,66.1,66.5,64.4,64.8,65.7,67.9,68,66.6,65.6,66.8,70.1,66.9,64,65.4,65.6,63.9,65,63.3,65.4,65.5,63.7,63.8,62.6,62.8,64.5,63.8,63.5,63.7,64.5,62.6,62.3,62.9,62.4,62.9
1,66.1,67.8,68.1,69.6,71,69.8,67.6,67.2,66.9,66.4,64.2,62.8,62.7,63,61.9,60.7,60.7,68.2,72.4,70.6,71.3,73.7,73.6,72.1,71.9,72.3,71.3,71.3,76.3,76.3,76.2,78,77.3,79.7,79.3,82.6,81.1,77.2,78.2,77,76,76,75.5,75.7,75.4,76.3,74.4,79.7,80.3,78.8,79.5,76.4,78,78.9,74.1,74.7,75.2,73.5,76.5,73.2,72.4,72.4,71.2,72.4,70.2,70.3,73.3,72.6,69.3,69.6,68.9,71.6,73.3,73.8,72.4,74,75.9,70,68.6,67.9,65.4,64.5,63.7,66.1,65.5,66,66.8,68.2,68.5,69.3,67.9,74.6,72.4,70.6,67.1,69.7,70.7,66.9,68.2,69.2,70.1,70.8,65.8,67,63.3,65,64.3,62.2,63.5,63.4,62.1,62.6,62.1,60,62.6,65,66.5,65.7,62.8,61.2
1,67.2,66.2,80.8,90.5,91.7,104.7,95.8,90.8,91.7,90.4,91.1,82.2,77,73.6,71.5,73.3,80.5,75.4,79.7,75,81.7,79.6,79.6,73.4,77.9,79.5,82.2,83.5,81.5,85.8,87.1,81.2,77.7,81.2,81.2,75.6,82.7,90.5,101,120.7,85.8,100.8,104.9,112.3,104.7,101.1,97.4,104.2,109,102.2,100,105.8,98.5,99,104.1,99,89.3,83.9,78.7,73.9,71.1,70.2,73.2,73.8,77.3,74.3,75.2,80.1,78.1,81.5,80.2,75.5,72.4,77.5,79.3,73.9,84.3,78.9,76.2,71.9,68.1,66,65.4,68.6,65.4,65.9,63,62.2,62,60.5,61.1,61.7,64.4,63.1,66.5,68.6,72.9,71.3,71.2,66.1,64.9,63,64,61.7,61.1,60,63.4,64.7,62.6,73.4,76.6,75.8,78.2,87.9,90.3,88.2,86.8,88.9,87.2,79.7
1,87,87,87,87,86.8,86.5,86.5,86.6,86.4,86.6,86.1,86.3,86,86.1,86.1,86.3,86.1,86.4,86.1,86.5,86.5,86.1,86,86,86,86,85.9,85.6,86,85.9,85.9,86,86,86,86.2,86.2,86.4,86.3,85.7,86.5,86,86,86,86,86,86,86,86,86,86,86,85.8,85.6,85.3,85.6,85.1,85.4,85,85.1,85,85,85.3,85.3,85.9,85.9,86,86,86,106,141.9,85,85,85,84.9,85.2,85.3,85.5,85.3,85.1,85,85,85,85,85,85,84.9,85.3,83.9,77.4,82.6,84,84.5,84.9,85.3,85.3,85.7,85.7,85.6,85.8,85.9,85.8,85.3,86.2,86.7,86.5,87,87,87,86.8,86.9,87,86.8,86.6,86.2,86.4,86.1,86,86.2,86.3,86.8
1,74.1,72.2,75.2,76.1,77.4,75.7,71.9,71.6,70.3,131.7,60.6,81.2,83.1,76.8,73.5,70.8,70.8,71.6,72.8,73.1,72.3,73.7,72.5,71.3,69.1,71.1,71.3,72.4,71.8,72.9,72.9,73.9,76.7,77.6,77.5,79.6,82.8,83.6,81.3,77.6,76.1,76.6,74,75.4,77.5,75.7,75.3,75.8,75.3,75.6,80.6,88.9,85.9,82.5,79.1,77.9,88.3,94.2,94.4,87.1,83.5,80,78.5,76.8,75.5,74.1,78.5,77.7,82.4,81.5,81.3,81.1,98.6,83.1,74.8,73.1,80.2,95.8,93.2,86.8,81.7,79.2,75,74.2,70.9,68.2,66.4,66.5,67.4,66.9,68.1,69.6,67.7,66,66.9,66,67.5,68.3,66.5,66.6,63,62.9,65.4,66.2,67.2,70.4,76.3,75.9,72.9,71.6,71.2,68.1,70.5,71.1,72.1,74.7,72.3,71.4,71.2,71.4
1,52.3,52.2,51.7,51.5,58.4,87.3,106.4,110.2,111.1,114.6,117.1,118.1,119.8,121.3,119.8,119.1,124,143.8,145.3,135.1,115.4,97.6,89.8,77,77.6,76.1,74.8,73.2,72.7,72.3,70.5,69.3,67.8,68,70,72.2,70.5,70.5,71.5,69.9,69.9,68.4,68.5,68.9,67.9,67.4,67.7,66.3,65.5,64,64.2,63.4,63.2,64.2,63.3,62.9,63,62.9,62.4,62.1,62.3,62.1,61.6,60.7,60.9,60.4,59.9,59.8,59.4,59.4,59.7,60.3,58.2,57.9,57,57,64.7,65.7,64.3,63.5,62.6,60.1,58.8,58.4,57.8,57.3,56.1,55.5,55.8,55.1,54.5,55.5,57.1,56.8,63.1,77.4,88.2,92.5,98.5,104.8,111.8,117.4,120.6,118.2,117.1,115.2,114.6,114.5,114.5,115.8,115.8,115.8,114.7,111.6,110.1,109.9,110.2,108.8,109.5,108.9
1,66.8,66.8,66.4,66.6,67.1,66.9,66.8,67.4,67.3,67.9,67,67.3,67.3,67.1,67,67,67.3,67.3,66.7,66.8,68.2,71.6,69.9,67.5,66.7,66.3,65.5,65.9,66.2,66,66.3,66.6,66.5,66.5,67.3,67.2,68,67.7,123.7,85,79,67.2,68,69.4,71.3,68.8,63.6,61.5,60.4,59.7,60,59.5,60.1,61,60.3,60.4,60.7,60.9,60.4,60.6,60.7,63.9,69.7,69.6,68.8,72.6,70.3,66,63.8,62.5,61.4,61,60.1,60.4,60.1,60.1,60,60,60,60,59.6,60.2,60.3,59.8,60,60.3,60,60.5,60.6,60.1,60.6,60.9,61.1,61.4,61.3,61.1,61.7,63.9,63,90.9,148.7,65.3,64.1,61.8,61.6,61.8,61.6,61.6,61.6,62.6,65.8,62.6,62.2,62.8,62.6,62.8,63.2,64,66.7,65.4
1,75.3,69.5,61,61,62,64.2,66.6,63.5,62,60.6,60.5,64.2,66.2,64.5,61.7,61.6,60.4,61.3,63.8,66.6,66.1,63.7,63.7,66,66.4,67.2,64.6,64.5,64.9,66.7,68.9,69.8,70.1,71.5,71.4,67.3,113.6,267.5,202.5,67.3,66.2,64.4,65.4,66.5,69.6,71.3,71,68.2,67.5,68.7,73.7,74.4,70.2,68.8,70.6,74.6,76.5,76.3,65.4,60.3,58.2,57.6,60.2,60.2,57.1,54.9,54.4,56.4,58.4,70.5,78.8,55.2,57,58.7,63.6,63.6,62.7,60.8,56.4,53.2,53.6,56,58.2,59.1,58.5,57.3,59.4,57.9,61.8,59.6,58.6,60.6,62.4,62.5,63.1,62.4,61.6,61,63.9,64.4,66.6,65.9,63.7,61.6,61.3,65.7,64.7,63.4,59.9,60.3,62.8,63.8,62.5,62,63.4,61.9,60,63.8,64.7,64.6
1,85.7,82.7,79.6,77.1,74.9,74.2,73.7,71.3,68.6,66.6,67.4,56.5,61.1,59,62.9,66,67.7,67.7,68.3,67.8,66.2,64.7,63.3,63.1,64.7,65.9,66.5,66.5,66.9,67.4,67.4,67.4,67,66.7,67.5,68.1,69.2,70.3,72.3,73.6,74.4,74.8,75.9,75.9,76.9,77.4,78,78.8,80.7,82.4,83.9,83,84.3,83.8,84.7,83.9,81.4,79.5,76.2,72.4,70.1,68.9,77.6,83,71.2,72.3,72.8,73.9,75.1,74.7,74.5,75.2,74.8,75.2,75.4,75.1,75,75.5,74.8,75.9,75.4,75.8,75.9,76.9,78.9,76,73.2,71.8,72.5,73.5,76.5,75,76.4,69,73,78.6,84.2,88.7,89.6,87.1,84.3,81.4,78.7,76.9,75.8,76,74.7,75.5,74.7,73.3,74.2,74.7,73.1,70.3,71.9,72,70.5,69.5,68.4,67.7
1,78.3,78.2,79.4,80.4,78.6,78,79.3,76.8,77,82.6,83.2,75.9,83.3,83.1,81.1,77.6,74.8,76.9,76.7,74.4,77.1,75.4,76.7,73.2,73,74,70.2,70.1,74.3,73.1,75.1,75.9,74.7,74.8,72,78,98.3,113.6,111.7,100.7,96.5,89.7,85.1,82.3,80.9,79.9,77.2,75,76.9,78.3,79.1,77.1,78.1,73.2,93.6,99.9,89.7,82.8,80.3,75.7,79.3,79.6,79.4,77,79.4,79.4,81.8,82.2,84,86.7,82.9,85.1,86.6,84.5,89.8,93,88.2,87.4,88.7,89.9,83.4,88.1,85.4,88.4,88.1,86.4,86.6,102.4,108.7,100.8,93.1,89.7,85.7,84.9,83.6,86.3,87.7,90.6,137.1,146.2,122.7,107.9,99.3,104.5,97.1,90.6,90.5,100.8,106.1,105.4,112.9,115.9,112.8,151.9,160.6,139,131.5,112,100.7,90.9
1,82.1,82.8,82.6,82.5,84,84.3,83.3,82.9,83.3,82.2,82.7,83.2,82.6,84.5,84.4,81.3,82.3,82.7,84.1,84.4,83,83.4,83.9,83.5,83.5,84.2,85.3,84.6,84.4,84.3,84.9,83.8,84.6,84.8,84.6,85.5,84.2,83.5,84.6,84,83.6,85.3,84.7,84.7,86.4,85.7,85,83.2,76.3,74,73.3,71.3,70.8,71.5,71.6,70.1,70.8,69.7,71.8,69.7,71.6,70.6,71.6,71.5,73.2,73.6,72.1,71.7,69.6,71.5,73.3,72.5,72.3,72.7,75.1,71.4,73,72.2,74.2,72.4,71,68,67.5,66.7,67.5,65.3,67.3,67,67.8,66.8,67.2,66.1,68.8,66.9,67.6,66.5,68.5,66.5,68,67,68.5,70.3,68.3,66.4,64.8,63.8,61.4,61.5,60.2,59.1,60.5,59.8,59.7,59.7,59.6,59.6,60.1,59.8,60.4,60.2
1,62.9,65.5,64,64.6,63.9,63.6,64.5,62,61.6,63.7,89.1,91,77.4,72.3,79.4,78.1,71.5,67.2,66.4,69.5,68.4,67.8,72.5,68.6,68.3,67.5,69.7,69.2,68.1,72.7,72.1,70.8,67.6,60.6,57.9,58.6,59,56.7,56.8,60.2,70.4,77,66.5,64.8,60.9,62.9,60.1,58.4,55.7,55.6,56.2,57.7,59.4,63.7,71.7,80,84,85.8,88.7,94.2,96.1,100.1,96.3,90,78.5,72.9,71.8,65.5,69.5,75.6,69.3,73.1,65,73.5,75.1,73.6,63,75.8,75.7,71.4,63.8,61.5,59.7,58.2,56.9,55.9,56.8,54.6,54,59.9,77.4,74.6,66.7,62.4,74.2,74.9,72.6,74.4,82,88.6,82.2,85,85,90.2,90.8,87.8,93.9,92.7,91.5,88.6,76,65.8,60.6,57.2,75.5,83.8,85.5,83.6,86,79.9
1,68.5,66.6,65.7,64.7,67.6,68.5,68.2,69.5,68.5,68.5,66.2,62,64.6,66.9,64.1,65,67.4,65.6,66.9,65.6,63.2,63,62,62.1,62,64.1,64.2,67.2,68.1,67.3,70.3,70.7,74.6,72.2,70.3,68.7,69.3,67.3,67.3,67.3,66.2,67.5,66,66.9,66.1,66.9,68.1,67.3,66.8,67,67.3,63.2,63,62.1,62.9,62,62,61.5,62.2,62.7,61.4,61.5,61.8,62.4,61.7,62.2,61.6,61,62.6,61,61.9,61.8,61.3,60.9,60.3,61.1,60.5,60.2,60.4,59.5,59.5,60.1,59.6,59.8,59.9,60.1,59.6,60.3,60.6,59.8,60.7,60.1,60.3,59.7,59.1,59.7,60.5,60.2,59.5,59.1,58.6,59.3,59.8,61.2,60.5,60.3,60.7,60.2,60.5,60.8,60.1,60.4,61.2,61.9,62.4,60.4,62,61.5,60.3,61.5
1,61.9,61.6,65,66.1,62.7,65.9,64.1,63,62.9,62.4,62.1,58.4,62.9,64.2,62.4,64.2,65.7,58.9,60.9,60.5,60.9,62.2,62,60.9,62.4,60.5,133.1,67.8,60.4,60.2,61.4,58.6,63.4,65,62.4,62.6,64.9,67.4,62.6,66.7,63.5,60.9,61.7,58.2,63.6,64.3,62.7,64.6,65.4,63.7,61.7,62.2,59.6,60,59.5,60.1,58.3,58.3,60.1,60.5,58.6,59.7,59.7,60.1,61.1,61.6,62.1,62.1,62.4,64.7,65.5,62.9,62.2,60,63.6,64.1,63,63.5,65.2,57.9,57.9,59.7,62.2,62.4,59.4,59.2,65.1,62.4,64.3,64.3,63.8,67.8,67.2,69.8,71.6,72.4,70.7,66.2,64.6,65.9,95.3,68.2,66.5,66.1,64.3,64.2,63.4,63.8,67.5,70,70.5,65.5,65.7,66.3,63.5,64.9,62.5,66.4,59.1,54.4
1,73,70.3,68.4,69.2,70,71.8,72,72.3,71.8,70.7,70.6,71,71.3,71.5,71.4,71.4,70.5,71,71.1,70.9,72,72,72,70.9,70.3,70.8,70.6,69.9,70.6,71,71,71.1,70.1,71.1,71.3,71.2,71.2,71.6,71.3,68.9,69.3,69,68.6,67.6,68.5,69.6,69.8,69.1,68.7,69,69.2,63.5,65.3,61.6,60,63.7,69,71.1,72.5,73.1,73.7,73.6,73.5,74.7,74.5,73.8,73.2,73,72.4,72.6,71.9,71.8,71.8,72.8,72.4,72.1,71.6,72.4,73.1,73.2,73.2,73,72.6,73.4,73.2,80.8,76.8,70.6,70.2,70.8,73.1,73.2,68.5,65.6,64.3,62.7,66.4,65.9,67.9,69.4,68.9,68.9,69.4,69.4,69.9,69.9,70.7,69.8,70.3,69.6,69.8,69.5,69.5,69.2,68.6,68.7,68.7,68.6,68.5,68.8
1,67.2,66.7,67.4,66.9,64.4,66.7,67.5,67.8,66.3,64.7,64.3,64.9,64.3,65.7,66.6,67.1,68.2,68.4,68.2,70.1,69.5,66.7,65.5,66.8,68.8,68.3,67.9,65.9,69.4,70.1,69.6,69.9,68.6,69.1,67.2,67.4,68.2,68.2,67.6,67.2,66.3,66.6,67.4,66.8,65.8,65.1,68.6,68.5,66.6,66.6,66.3,67.7,65.3,66.3,67.6,69.7,70.2,71.3,68.7,67.2,69.2,77.9,77.1,76.7,71.7,70.5,69.3,68.9,71.6,73.3,70.1,71.7,70.8,71.8,70.8,69.6,72.5,70.4,72.5,74.6,72.9,72.7,74.9,78.8,77.1,77.1,78.3,76.1,75.2,76.1,76.6,75.4,73.5,72.4,75.7,74.9,77.1,77.2,74.5,73.1,69.4,67.2,72.4,75.1,76.2,77.8,74.5,74.2,76.3,75.9,72,74.8,75.6,73.9,72.4,75.6,73.8,74.1,71.9,70.7
1,53.8,59.4,52.8,57.4,59.2,61.2,57.8,61.6,61.3,53.7,69.1,57.8,63.4,60.1,59.1,58.2,58.9,64,61.7,61.3,60.8,60.4,60.4,61.7,61.8,60.9,60,60.8,62,64.1,61.8,61.8,61.8,60.3,60.2,60.3,62.8,62.1,59,58.4,58.2,61.4,63,61,61.3,62.4,60.6,62.3,67.4,66.4,63.3,62.4,60.6,60.5,63,62.7,61.3,61.6,58.5,58.9,60.3,60.5,63.4,61.2,61.5,62.5,62.1,59.8,60,61.2,58,66.9,52,55.5,62,61.5,68.8,63.2,61.6,84.4,72.5,55.9,61.1,51.3,49.2,51.4,60.8,59.5,80,71.2,69.7,86.2,87.6,92.4,89.3,66.7,65.9,61.7,81.4,94.5,97.5,94.9,76.3,65.1,67.7,56.3,68.2,66.4,61.4,60.8,69.2,76.6,60.9,63,63.7,84.3,94.1,88.2,79.8,73.4
1,77.7,80.7,84.1,81.8,81.3,78.4,77.3,78.4,83.9,84.7,84.5,84.5,90.3,99.5,101.6,92.3,94,89.9,87.4,87.7,83.7,82,78.4,83,79.2,78.3,81,78.8,78.4,75.8,75.9,73.5,71.6,73,72.6,72.2,73.8,79.2,74.7,75.2,71.7,71.9,69.2,70.7,69.8,67.9,67.5,67.6,74.2,72.3,71.1,69,70.4,70,69.5,69.4,70.9,69.7,68.7,67.7,67.5,68.8,66,65.8,63.9,63.4,63.5,61.6,66.2,64.3,64.5,65.9,66.5,64.6,63.4,64.5,64.7,64.2,67.4,65.1,64.1,61.9,66.5,69.6,65.6,65.9,62.6,62,59.5,60,59.5,58.9,57.9,58.2,59.3,63.4,63,63,62.9,63.2,63.1,64.6,63,59,60.2,59.1,58.3,59.6,65.2,66.6,64.3,64.6,65.3,63.9,64.2,64.4,63.7,63.8,65.1,65.4
1,63.4,64.1,63.2,63.4,63.4,62.8,63,62.9,62.2,62.6,62.9,63.2,63.6,63.9,63.6,64.4,63.2,64.2,64.6,65.2,65,65,65.3,65.5,65.8,66.5,66.3,66.5,67,66.3,66.3,66.6,67.6,67.7,67.7,67.5,68.9,68.2,68.2,68.7,68.5,68.3,67.7,68.9,68.4,67.9,67.7,68.2,68,67.5,68.5,73.1,76.3,75.6,78.6,76.4,76.4,75.1,76,73.9,67.9,64.3,64.1,64.7,66,63.5,61.8,58.8,59.6,62.4,63,63.9,65.4,65.3,66,66.2,67.2,65.7,66.4,66.4,66.2,66,66.3,66.2,66,66.6,66.2,66.8,66.7,67.3,67.1,66.2,65.9,65.9,66,65.7,65.1,64.9,65.1,65.6,64.5,65,65,65.2,65.1,65.6,65.6,64.8,66.1,66.3,66.8,66.4,66,65.2,65,66.5,66.3,66.1,65.9,66
1,67.6,66.9,67.4,67.6,67.4,68.9,68.2,67.6,69.2,68.2,68.6,68.2,70,67.1,66.7,66.9,66.2,65.7,65.1,65,65,65.1,65.5,65.4,65.2,65.3,65,65.9,66.4,65.2,65.6,65.4,65.2,66,65,65.2,65,64.8,64.7,64.5,63.9,64.3,65.3,65,63.9,63.5,66.5,65.1,65.2,63.7,62.9,63.6,65,65.1,64.1,63.9,64,63.2,63.6,64.9,64,63.6,63.5,63.4,63.2,63.2,63.5,63.2,64.2,66.2,64.6,64.4,64.2,82.5,88.1,86.9,85.9,82.5,79,78.1,84.4,81.4,78.7,78.4,83.9,78.1,72.1,68.3,66.6,64.5,64.8,68.7,75.6,78.8,80.1,80.2,80.1,77.3,76,74.4,73.7,73.1,71.1,71.4,70.8,72.4,71.4,70.2,69.6,69.7,69.3,68.7,69,72.4,73.5,65.7,63,62.3,61.2,61.2
1,77.8,76.3,76.6,76.1,76.6,76.7,76.7,76.9,76.2,76.5,86.4,87.7,86.8,82.3,78.1,78.9,79.5,81.6,82,81.5,80.9,79.9,78.4,77.5,77.3,77.3,78.3,79,79,79.1,78.1,78,77.4,77.5,78.6,78.5,77.8,77.6,76.7,77.4,76.2,74.1,73.5,72.7,72.5,72.3,80.6,85.5,83.7,77.1,75.5,72.1,68.7,70.7,70.5,70.9,71.2,70.5,71.3,70.9,69.9,68.8,68.2,69.1,70.7,69.4,67.2,72,69.8,72.8,71.3,69.6,69.4,68.6,68.3,67,68.4,69.2,69.5,75.6,72.5,71.3,70.9,69.4,68.3,68.6,69.2,69.7,69.7,68.9,68.9,68.5,71.7,84.8,83.9,74.5,68.1,68,67.5,65.8,103.6,87.1,0,76.2,61.7,61.4,60.5,59.6,57.7,58,57.3,57.4,59.1,58.4,58.2,59.3,60.1,62.3,63.4,64.2
1,59.4,60.5,61.7,62.9,68.1,69,70.4,67.9,69.6,69.7,70.3,70,75.1,72.5,78.2,72.6,75.3,85.9,82.3,81.7,84.8,78.3,78.2,74.7,74.7,72.9,71.6,72.5,72.3,71.4,72,73.4,73.7,73.9,73.3,73,72.7,74,74.2,76,74.5,75.7,75.5,70.8,71.9,68.8,68.4,68,68.9,69.5,70.2,71.1,69.6,71.2,71,72.9,73,73.8,73.2,71,72.3,74.7,71,72.3,71.6,73.2,73.2,70.2,70.2,73.5,72.1,72.8,74.1,71.9,73.5,74.1,75,70.3,71.6,70.9,72.8,70.2,71.4,70.8,70,71.8,71.8,72.3,73.3,74.7,76.6,74.8,75,76,73.9,72.6,74.3,72.6,74.4,74,73.8,74.2,73.9,74.6,75.1,76,77.1,76.3,74.1,76.6,74.3,74.8,72.7,71.7,71.6,72.4,72.1,71.9,70.3,72.1
1,64,64.4,63.4,63.9,64.1,63.6,63.8,63.4,68.3,63.1,60.7,62,63.1,64.7,65.8,66.4,66.4,65.9,65.6,65.4,64.5,64.9,64.7,66.5,66.6,66.6,67.6,68.6,65.6,65.8,64.6,66.7,65,65.4,66.3,65.3,66.3,68.9,67.7,68.9,65.5,72.3,72.4,72.7,72.3,73.3,77.4,63.1,77.9,77.5,80.2,72.4,70.3,74.2,65.7,66.2,67.1,67.1,67.4,65.9,66.3,66.1,67.1,66.7,67.6,68.1,69.5,68.4,69,70.1,67.7,65,63.4,62.6,63.4,63.5,68.3,59.9,65.9,68,70.6,68.4,67.4,66.4,68.2,67.2,68.7,72.2,72.8,72.5,67.5,69.1,69.9,68.8,69.7,69.4,69.6,69.3,67.9,67.7,70.8,70.9,67.3,67.6,69,69,68.8,69.2,73,65.8,65.9,68.1,67.5,70.7,72.2,71.1,64.8,66.5,66.9,59.9
1,69.7,71.3,71.6,72.1,71.6,70.9,71.7,71.8,69.6,70,73,72.9,73.4,73.9,74.7,70.6,72.1,72.4,73.9,73,73,70.7,70.2,69.7,68.8,68.5,68.2,68.5,69.3,70.6,70.8,70.5,71.6,71.5,71.4,71.1,72.3,71.3,70.6,70.4,70.8,70.3,70,69.2,68.9,69,67.7,69.8,68.5,68.2,67.5,66.3,67,66.4,66,65.9,65.8,66.9,66.7,65.5,66.2,66.1,66.1,66.5,66.8,66.1,66.5,67.3,67.3,66.7,67.4,66.3,66.7,67.3,66.4,66.8,66.5,66.1,67.1,66.9,65.4,66.7,65.4,67.1,66.2,66.1,66.2,66.3,66.4,65.7,65.3,65.2,65.9,64.9,65.3,65.1,64.9,65.4,65,65.1,65,65.5,66,67.1,64.9,67.2,65.1,66.6,66.3,65.3,66.6,66.1,66.4,65.4,65.1,65.8,66.3,66.6,66.4,67.7
1,69.8,69.5,71.5,72.2,78.7,76.3,78.1,74.1,77.3,75.1,74.7,73.8,70.4,73.3,72.8,73.5,78.3,72.4,73.4,70,70,71.3,71.8,70.7,68.8,70.5,85.6,72.6,72.7,71.2,72,71.3,71.3,73.4,74.5,181.9,165.4,69.6,66.6,66,63.1,61,58.1,58.8,55.6,55.8,54.8,54.6,57.8,59.8,61,60.3,63.5,64,64.2,68,71.5,70.3,70.3,72.7,72.4,73.7,72.1,72.2,71.1,67.4,67.9,67.6,99.3,68.4,68.9,67.2,67.5,67.7,65.5,62.4,61.3,61.5,60.8,64.3,66.6,67.6,69.6,86.1,78.8,79.5,82.6,80.8,78.6,83.8,73.2,70.3,252.3,283.6,273.3,130.3,71.1,72.3,76.4,75.2,77.3,76.6,70.9,72.6,73.2,71.7,69.6,67.8,64.9,64.8,66.2,63.2,63.7,62.9,61.8,61.9,60.8,63.3,65.1,59.4
1,67.6,69.6,70.5,71.6,72.9,73.8,75.2,75,75.5,76.5,76.8,76.7,77.6,77.4,78.8,78.5,79.3,79.1,79.5,79.6,79,80.1,79.9,80.4,80.6,81.1,81.2,80.9,82.8,83.1,84.3,84.7,85.4,86.1,87.3,87,87.1,87.3,88.8,89.7,90.9,92.1,93.2,94.6,95,96.4,97.5,96.5,96.8,97,97.3,98.5,100.8,101.3,99.7,99,98.3,98.7,95.3,97.5,99.2,99,99,99,98.1,97.6,98.3,90.9,94.5,92.8,91.7,94.6,107.4,93.2,95.8,95.5,94.5,93.8,93.1,93.4,93.4,93.6,93,93.3,93.9,93.4,93,92.7,93.5,94.6,93.7,94.2,95.4,94.5,93.9,93.4,93.9,93.7,94.3,94.1,94.8,93.8,94.6,94.8,95.1,93.9,93.3,93.2,92,91.6,92.8,91.9,91.5,92.5,92.7,93.1,92.6,92.1,88.7,86
1,58.7,57.9,57.7,60.2,60.5,60,60.2,58.7,62.6,67.4,59.4,53.4,54.3,55.4,57.6,57.2,56.7,59.6,59.5,61.4,156.8,72.3,61.5,62.5,63.8,62.4,62.5,62.1,63,63.9,67.7,67.5,70.3,69.4,69.5,71.2,72.5,73.4,73,72.6,72.1,74.6,74.2,73.1,73.7,76.7,74.3,74.9,75.3,72.3,72.6,72.3,76,74.2,73.9,74.7,75.8,73.5,75.4,75.8,76.6,80.4,82.6,83.6,85.2,85.4,81.9,85.5,87.1,87,85.3,86.2,89.4,88.4,88.2,89.8,91.1,92.1,85.8,89.4,91.8,90.9,89.4,93.4,90.3,93,92,90.8,95.2,93,90,94,93.3,91.7,91.7,88.9,90.8,87.5,119.1,155.9,87.8,85.4,84.6,84.2,83.9,83.2,83.1,83.2,85.8,84.1,81.6,84.9,84.3,80.8,83.7,82.4,82.5,80.6,83.5,78.7
0,95.1,99,102.4,96.6,95.5,91.2,91.7,90.6,90.1,91.4,89.3,90.8,91.2,91.2,92.5,91.8,87.8,87.8,88.7,90.3,90.3,91.2,91.1,89.6,89.2,88.4,89.6,90.2,90.2,92.5,90.1,91.1,92.6,92.4,91.9,92,91.2,90.4,93.1,97,96.7,95.5,92.3,93,93.4,94.9,93.9,91.5,95.5,94,94,95.7,94.8,94.8,93.8,90.5,92.9,92.7,91.3,90.3,90.3,90.6,90.5,93.3,91.7,90.6,91.1,89.2,88.6,88.2,88.8,89.2,89.4,87.5,87.4,87.7,87.7,87,87.7,87.1,87.1,87,87.8,87.5,87.5,87.2,86.5,86.3,86.2,86.7,86.6,87.5,87,86.9,87.4,89.3,87.6,87.5,88.3,88.6,86.9,88.2,91,101.2,98.5,100.4,98.3,96.6,96.2,94.4,96.3,91.7,94.3,95.6,92.6,95.2,98.1,93.8,96.1,95.1
0,0,0,0,0,0,0,0,0,0,0,0,0,0,0,0,0,0,0,0,0,0,0,0,0,0,0,0,0,0,0,0,0,0,0,0,0,0,0,0,0,0,0,0,0,0,0,0,0,0,0,0,0,0,0,0,0,0,0,0,0,0,0,0,0,0,0,0,0,0,0,0,0,0,0,0,0,0,0,0,0,0,0,0,0,0,0,0,0,0,0,0,0,0,0,0,0,0,0,0,0,0,0,0,0,0,0,0,0,0,0,0,0,0,0,0,0,0,0,0,0
0,105,103.6,105.2,107,105.4,105.3,106.3,104.5,104.3,101.5,105.1,104.6,104.6,105.1,104.8,102.1,101.7,102.8,102.7,103.5,103.3,102.1,100.7,104.5,102.1,102.4,100.8,101.4,97.4,98.8,102.5,101.3,101.7,101.8,102.2,99.7,99.6,99.4,100.4,100.2,101.5,98.3,96.8,96.7,95.6,95.3,96.4,94.9,92.6,95.1,93.7,94.8,93.9,98.5,98.7,99,94.9,95.6,96.5,94.5,98.5,96.1,96.9,97.8,99.7,100.6,100.8,100.8,99.8,98.4,97.6,97.8,98.2,98.5,99.3,99.1,96.3,97.8,98,98.2,97.5,98.1,98.5,98.2,96.7,96.6,96.6,97.6,97.7,95.1,94.9,95.6,95.8,95.4,95.7,95.4,95.7,95.1,94.4,94.1,93.9,95.2,94.8,94.9,94,93.8,95.4,0,0,0,95.2,0,93,0,0,92.8,0,94.1,0,94
0,86.7,92,92.8,91.2,90.2,90.1,87.1,87.2,87.4,86.3,84.8,85.7,88,90.5,90,89,89.1,88.7,89.8,90.3,89.7,90.9,92,93.2,92.8,90.3,91.9,99.8,96.8,98.4,90.9,88.5,88,90.6,89,86.9,92.6,90.8,89.9,90.8,95.5,93.3,88.8,88.5,86.2,86.7,91.3,91.8,91.2,89,87.3,87.3,89.5,89.2,91.7,90.6,91.4,89.7,86.7,86.6,84.1,83.9,84.7,82.9,84.2,85.8,85.9,86.1,86.6,85.4,83.1,85,85.8,86.6,83.2,87.4,82,83.5,81.2,81.2,82.6,84.3,84.1,85.9,87.8,86.2,90,88.5,91.5,88,92.6,90.1,91.6,91.2,88.9,90.3,93.1,92.7,90.1,88.6,91.5,92.5,91,90,88.9,90.9,91.3,91.9,89.1,92.4,91.1,90.1,89.7,90.2,89.7,88.7,91.9,0,0,0
0,99.3,100.1,99.7,99.8,117.8,95.5,95.5,94.5,93.9,95.5,97.8,98.5,96.8,97.6,97.9,96.3,96.1,95.7,97.8,96.3,96.5,94.8,95.9,98.1,94.1,95,96.4,95.9,95.6,93.6,94.9,93.5,94.7,95.2,93.8,94.8,94.3,94.5,96.9,94,95.6,95.2,94.8,94.6,94.5,95,95.7,95.5,96,96.6,96.5,95.7,96.1,96.8,96.9,96.7,95.9,95.9,96.4,96.3,96,96.2,95.5,96.3,96.7,97.5,94.4,96.4,97.9,97.5,97.4,96.5,96.6,98,96.8,95.7,95.8,97.5,95.8,96.9,97.5,96.5,96.3,97.6,97.8,97.7,97.9,97.8,96.4,97.6,96.9,95.2,97.4,97.2,98.8,99.6,101,99.2,97.6,99.1,101.4,96.1,98.7,97.4,98.4,97.9,97.9,98,97.9,98.2,98.6,97.8,98.5,98.6,98.6,99.7,99.4,99.4,99.8,98.5
0,0,0,0,0,0,0,0,0,0,0,0,0,0,0,0,0,0,0,0,0,0,0,0,0,0,0,0,0,0,0,0,0,0,0,0,0,0,0,0,0,0,0,0,0,0,0,0,0,0,0,0,0,0,0,0,0,0,0,0,0,0,0,0,0,0,0,0,0,0,0,0,0,0,0,0,0,0,0,0,0,0,0,0,0,0,0,0,0,0,0,0,0,0,0,0,0,0,0,0,0,0,0,0,0,0,0,0,0,0,0,0,0,0,0,0,0,0,0,0,0
0,89.9,90,89.8,89.1,89.8,91,90.4,90.2,92.4,91.1,91.9,89.7,90.3,88.8,88.2,88.4,88.3,92.2,92.5,93.9,91.7,91.4,91.7,91.3,91.5,90.8,90.2,90,90.7,90.8,90.3,89.7,88.6,88.3,89.3,87.6,87.3,86.7,86.9,87.2,86.8,94.3,94.1,92,90.7,90.3,90.9,91.1,89.6,90.2,87.8,88,87.9,88.1,87.7,90.4,96.2,94.5,92.7,92.5,92.5,90.9,90.9,90.2,90.5,89.6,89.5,89.1,89.7,88.5,93,93.8,97.1,95.6,94.8,93.1,92.9,92.8,90.9,91.9,89.9,89.2,90.1,89.3,89.4,90,89.9,89.1,89.5,90.4,90.4,90.5,92.9,95.6,295.7,338,324.8,211.6,97.2,98.1,100.5,98.9,97.4,96.6,95.7,95.5,96.8,94.4,94.5,94.1,93.1,94.3,92.7,93.3,92.9,91.9,92.9,91.4,91.8,92.1
0,113.2,114.7,114.3,114.7,115.2,115.7,116.9,116.1,116.2,114,113.3,111.4,112.4,111.2,111.4,112.3,111.8,112.9,112.9,116.8,122.7,125,137.9,143.9,141.1,137.9,134.2,138.9,140.3,139.3,138.3,136.9,137.6,137.9,138.6,139.1,132.2,136.1,142.1,144.5,131.9,91.8,139.6,147.8,149.4,145.8,138,138.5,139.8,139.5,139.5,139.8,137,132.3,130.2,126.8,120.8,127.3,125.9,124.3,123.1,120.4,117.8,114.7,114.5,112.4,110.7,109.1,107.8,106.5,104.6,100.6,99.9,100.2,99.9,100.9,99.5,97.5,96.1,95.4,96,93.6,87.4,84.9,82.9,82.4,82.2,82,81.9,80.2,81.2,81.1,79.8,79.4,81.1,80,78.9,80.1,81.9,81,80.2,82.1,80.7,82.9,81.8,83.3,82.4,82,81.8,81.1,81.6,80.8,79.2,77,76.5,75.8,73.8,79.8,82.6,82.9
0,94,94.5,92.9,91.7,92.1,94.1,95.4,96,97,100.9,99.6,97.4,95.9,92.7,93.6,94.4,93.7,94.1,96.5,97.5,94.1,92.4,89.7,89.2,91.2,94.8,103.3,106.4,104.8,108.3,110.1,110.2,106.8,108.8,110.6,109.5,112.9,110.3,111.7,112.4,108.3,124.2,107.7,108.2,106.2,103.3,103.7,101.1,100.1,98.3,100.3,93.9,95.3,96.5,93.8,89,87.3,88.2,89.6,90.6,91.4,89.2,90.2,89.3,96.7,98.8,100.6,98.5,99,106.5,106.7,105.3,102.1,106.2,107.4,106.9,107.5,104.3,104.3,104.8,104.8,105.5,103.2,102.8,101.1,100.9,99.6,103.3,101.1,98.5,97.4,97.7,99.1,99.8,99.2,97.3,96.6,98.4,98.5,98.7,98.6,97.4,96.8,96.4,96.6,95.7,97.3,96.2,99.1,99.6,99.8,99.5,101.2,99.7,97.7,97.1,100.4,96.2,0,0
0,87,87.6,83.7,82.2,81.9,82.8,82.9,86.3,87.7,86.1,83.8,83.5,85.6,84.9,86.6,84.6,86.6,85.1,88.5,87.3,85.6,87.3,81.1,82.1,80.7,84,82.1,79.8,80.3,78.7,77.9,78,81.4,84.8,83.2,81.2,79.4,81.7,85.1,89,84.5,82,80.1,79.9,80.6,80.9,81,81.6,81.8,82,82.3,81.5,80.8,101.2,95,87.9,88.6,82.9,80.6,78.2,78.3,77.3,77.2,76.8,77.6,77.7,83.7,92.9,96.8,90.6,89.1,86.3,89.4,88.9,88.3,85.5,87.1,87.7,88.1,88.5,88.4,90.6,90.7,90.2,85.8,86.4,0,0,0,0,0,0,0,0,0,0,0,0,0,0,0,0,0,0,0,0,0,0,0,0,0,0,0,0,0,0,0,0,0,0
0,82.1,81.4,79.9,80,79.9,80.1,79.7,78.8,79.5,79.9,80,79.9,80,79.7,78.7,78.1,77.9,77.3,77.1,77.8,77.9,77.9,77.8,77.1,77.5,78.2,78.1,78.5,78.3,78.7,79.4,78,78.6,79.4,79.4,77.6,76.1,75.7,74.9,74.6,74.5,74.3,73.8,73.4,74.1,73.6,74.8,74.5,75,74,74,74,74.2,74.8,75.7,75.5,75.2,74.8,74,72.9,72.7,73.3,73.3,73.3,73.1,73.1,74,74,73.7,72.9,73.9,74.1,73.4,73.6,73.1,72.3,72.2,71.9,74.2,76,78.4,82.9,81.1,78.2,76.7,76.4,77,75.5,218.6,185.2,77.8,75,74,73.3,75.8,76.1,76.4,76.5,76,76,76,75.3,74.3,74,75,78.4,82.2,85.6,85.7,81.7,82.8,84.7,85,83.6,87,89.3,91.1,91.4,93.2,95.6
0,97.6,96.5,96.7,98.3,99.7,97.2,93.1,97.9,99.3,99.4,98.7,98,98.5,100.8,99.5,99.2,99.6,99,96.9,95,94.4,92.1,94.8,95.1,95,95.3,93.9,97.2,95.9,89,96,92.1,92.7,94.3,95.3,96.3,95.8,98.6,95.6,99.8,96.6,97.4,101.8,98.9,98.9,97.8,98.5,100.8,100,100.4,97.9,97.8,98.8,96.6,96.9,99.1,97.5,95.1,90.3,90,95.7,95.6,97.8,95.5,99.5,98.9,96.3,97.1,99.8,99.3,101,101.5,100.9,102.2,101.4,101.9,103.6,104.1,102.4,103.2,102.3,103.5,104.9,106.1,103.8,104.3,103.3,103.7,102.2,100.9,94.9,96.5,94.7,99.7,100.1,100.2,99.5,99.2,100,102.5,104.4,102.2,102,99.7,100.3,97.2,92.1,94.2,92.1,90.9,88.6,93.7,92.5,90.1,92.2,93.9,90,0,0,0
0,96.1,97.4,100.4,102.4,102.8,107.5,112.2,97.5,98.3,100.4,96.7,96.1,93.4,107.2,109,113.8,108.6,94.9,99.1,111.8,100.9,96.9,108.1,110.9,114.3,117.1,113.5,106.4,104.2,102.2,106.4,108.6,108.4,109.8,108.6,102.7,100.3,99.8,104.9,106.1,105.9,108.3,98.2,101.7,102.1,106,110.7,107.3,107,116,111,103.7,93.4,92.1,91.6,102.1,111.4,116.6,170.6,113.2,109.2,108,102.9,103.7,99.6,103.8,102.8,100.6,102,106.6,107.8,102,102.1,100.4,103.4,103.3,101.7,102.6,103.3,99.1,102.8,106.1,105.8,111.7,119.2,117.9,117.5,116.5,117.2,119.4,112.2,0,0,0,0,0,0,0,0,0,0,0,0,0,0,0,0,0,0,0,0,0,0,0,0,0,0,0,0,0
0,94.3,93.5,94.2,93.6,97.3,92.1,97.2,95.6,94.2,95.9,96.9,95.7,95.9,96.9,96.1,92,92.8,94.2,92.4,92.6,91.8,97.1,94.3,98.3,97.8,95,96.5,96.1,94.3,96.8,96,98,97.7,97.2,94.8,97.1,98.7,99.5,98.3,99.3,99.4,98.6,99,99.1,99.7,99,99.6,98.6,99.2,98.8,98.7,99.7,101,101.5,100.3,98.8,97.9,99.5,100.2,99,98.1,98,98.8,96.6,98,98.1,100.2,100.7,99.8,99,96.6,98.1,97.2,96.7,97.1,96.5,97,98.5,97.5,97.5,97,100,99.6,100.3,101.8,100.8,101.3,98.1,100.8,99.5,99,101.8,101.1,99.2,100.7,100.4,98.9,100.2,101.9,102.3,99.8,100,100.6,102.1,100.8,101.1,96.1,96.9,97.8,98,99.5,98.3,99.8,101.1,99.7,99,98,98.4,99.1,97.3
